<!-- type="company" 
     block="block/JTWL.js"
	 generator="generator/JTWL.js" 
	 lib="JTWL" 
	 hardware="hardware/JTWL"
	 media="media/JTWL" 
	 language="language/JTWL"
	 pin="companypin/JTWL" -->
<script type="text/javascript" src="../../blocks/company/JTWL.js"></script>
<script type="text/javascript" src="../../generators/arduino/company/JTWL.js"></script>
<!--引用所有写好的模块，这里引入了"延时"模块-->
<category id="JTWL" name="JTWL" colour="#16b886">
	
	<block type="JT_InitAll">
	</block>
	
	<category id="JTWL" name="卫星姿控板" colour="#DB8CCD">
		<block type="JT_Acc">
		</block>
		<block type="JT_Acc1">
		</block>
		<block type="JT_Acc2">
		</block>
		<block type="JT_Acc3">
		</block>
		
		<block type="JT_AccDirection1">
		</block>
		<block type="JT_AccDirection2">
		</block>
		<block type="JT_AccDirection3">
		</block>
		
		<block type="JT_Angular1">
		</block>
		<block type="JT_Angular2">
		</block>
		<block type="JT_Angular3">
		</block>
		
		<block type="JT_Magnetic1">
		</block>
		<block type="JT_Magnetic2">
		</block>
		<block type="JT_Magnetic3">
		</block>
		
		<block type="JT_Pressure">
		</block>
		
		<block type="JT_Coordinate1">
		</block>
		<block type="JT_Coordinate2">
		</block>
		
		<block type="JT_PossAcc1">
		</block>
		<block type="JT_PossAcc2">
		</block>
		<block type="JT_PossAcc3">
		</block>
		<block type="JT_PossAcc4">
		</block>
		<block type="JT_PossAcc5">
		</block>
		<block type="JT_PossAcc6">
		</block>
		<block type="JT_PossAcc7">
		</block>
	</category>	
	
	<category id="JTWL" name="卫星环境信息板" colour="#A020F0">
		<block type="JT_Environ">
		</block>
		<block type="JT_Environ1">
		</block>
		<block type="JT_Environ2">
		</block>
		<block type="JT_Environ3">
		</block>
		<block type="JT_Environ4">
		</block>
	</category>		

	<category id="JTWL" name="卫星数传板" colour="#47C5CA">
		<block type="JT_DataTrans1">
		  <value name="DataTransNum1">   
			  <shadow type="text">
				  <field name="TEXT">Hello World</field>
			  </shadow>
		  </value>
		</block>
		<block type="JT_DataTrans2">
		  <value name="DataTransNum2">   
			  <shadow type="text">
				  <field name="TEXT">Hello World</field>
			  </shadow>
		  </value>
		</block>
		<block type="JT_DataTrans3">
		  <value name="DataCentre">   
			  <shadow type="text">
				  <field name="TEXT">+8613800100500</field>
			  </shadow>
		  </value>
		  <value name="PhoneNumber">   
			  <shadow type="text">
				  <field name="TEXT">+86123456</field>
			  </shadow>
		  </value>
		  <value name="DataContent">   
			  <shadow type="text">
				  <field name="TEXT">Hello World</field>
			  </shadow>
		  </value>
		</block>
	</category>
	
	<category id="JTWL" name="红外控制板" colour="#51acff">
		<block type="JT_Infrared">
		  <value name="InfraredNum">   
			<shadow type="math_number">
				<field name="NUM">1</field>
			</shadow>
		  </value>
		</block>

		<block type="JT_SendInfrared">
		  <value name="SendInfraredNum">   
			<shadow type="math_number">
				<field name="NUM">1</field>
			</shadow>
		  </value>
		</block>
	</category>		

	<category id="JTWL" name="卫星驱动板" colour="#FFCC66">
		<block type="JT_Servo">
		  <value name="ServoNum">  
			<shadow type="math_number">
				<field name="NUM">1</field>
			</shadow>
		  </value>
		  <value name="ServoAng">  
			<shadow type="math_number">
				<field name="NUM">45</field>
			</shadow>
		  </value>
		</block>	
		
		<block type="JT_Motor">
		  <value name="MoTorNum">   
			<shadow type="math_number">
				<field name="NUM">13</field>
			</shadow>
		  </value>
		  <value name="MotorAng">  
			<shadow type="math_number">
				<field name="NUM">1</field>
			</shadow>
		  </value>
		  <value name="MotorFLG">  
			<shadow type="math_number">
				<field name="NUM">0</field>
			</shadow>
		  </value>
		</block>	
	</category>	
	
	<category id="JTWL" name="液晶板" colour="#00ABCD">
		<block type="JT_MonoLcdChar">
		  <value name="zihao">   
			<shadow type="math_number">
				<field name="NUM">1</field>
			</shadow>
		  </value>
		  <value name="hang">  
			<shadow type="math_number">
				<field name="NUM">1</field>
			</shadow>
		  </value>
		  <value name="lie">
			<shadow type="math_number">
				<field name="NUM">1</field>
			</shadow>
		  </value>	
		  <value name="zifu">
			  <shadow type="text">
				  <field name="TEXT">hello</field>
			  </shadow>
		  </value>
		</block>

		<block type="JT_MonoLcdVar">
		  <value name="zihao">   
			<shadow type="math_number">
				<field name="NUM">1</field>
			</shadow>
		  </value>
		  <value name="hang">   
			<shadow type="math_number">
				<field name="NUM">1</field>
			</shadow>
		  </value> 
		  <value name="lie"> 
			<shadow type="math_number">
				<field name="NUM">1</field>
			</shadow>
		  </value>	
		  <value name="shuzi">  
			<shadow type="math_number">
				<field name="NUM">0</field>
			</shadow>
		  </value>	
		</block>
	</category>	
	
	<category id="JTWL" name="触摸液晶板" colour="#00ABCD">
		<block type="JT_ColorLcd">
		  <value name="ColorLcdNum">   
			<shadow type="math_number">
				<field name="NUM">1</field>
			</shadow>
		  </value>
		</block>

		<block type="JT_ColorLcd1">
		  <value name="ColorLcd1Num">
			  <shadow type="text">
				  <field name="TEXT">R</field>
			  </shadow>
		  </value>
		  <value name="ColorLcd2Num">   
			<shadow type="math_number">
				<field name="NUM">1</field>
			</shadow>
		  </value>
		</block>	
	</category>		

	<category id="JTWL" name="光照信息板" colour="#A3CE47">
		<block type="JT_Light">
		</block>
		<block type="JT_Light1">
		</block>
		<block type="JT_Light2">
		</block>
	</category>	
</category>